t_s,live_bytes,live_count,total_allocs,b0_bytes,b0_count,b1_bytes,b1_count,b2_bytes,b2_count,b3_bytes,b3_count,b4_bytes,b4_count
0,1013,7,22,56,2,965,5,0,0,0,0,0,0
30,7448621,5545,321815,88163,3642,222388,1477,418012,291,1274864,124,5445208,11
60,11960274,9175,2371866,155800,5617,411554,2646,1294888,687,2424616,209,7673432,16
90,12984098,18590,3921653,384336,14133,509153,3500,1341890,716,2841800,222,7906936,19
120,13756536,27580,5087044,604647,22365,593825,4258,1341890,716,2743976,218,8472216,23
150,14326650,35941,5878080,810889,30220,650497,4764,1341890,716,2719400,217,8803992,24
180,14873128,43636,6261800,1001783,37676,677417,5002,1342874,717,2743976,217,9107096,24
210,15965928,51300,6647820,1192279,45109,703137,5234,1341890,716,2693784,216,10034856,25
240,16179858,58931,7000959,1381749,52524,727597,5450,1341890,716,2693784,216,10034856,25
270,16396508,66612,7383998,1572487,59971,753509,5684,1341890,716,2693784,216,10034856,25
300,17270108,74298,7770731,1763467,67423,779745,5918,1341890,716,2643592,215,10741432,26
330,18617888,81984,8157431,1954319,74873,806177,6154,1341890,716,2643592,215,11871928,26
360,19324870,88253,8538469,2109919,80960,826647,6332,1348514,720,2643592,215,12396216,26
390,19332556,88336,8819325,2111715,81025,828985,6347,1352066,723,2643592,215,12396216,26
