date,label,run,scenario,ws,privws,commit,peakws,threads,handles,children,tree_ws,tree_privws,tree_commit,note
2026-09-25 10:19,v0.6.3-dist,1,S1,93.4,49.1,181.9,101.1,18,484,2,18.2,3.6,5.9,Full mode (S2-S4 three tabs)
2026-09-25 10:19,v0.6.3-dist,1,S2,98.2,53.4,235.7,101.1,21,512,6,54.7,10.7,23.6,Full mode (S2-S4 three tabs)
2026-09-25 10:20,v0.6.3-dist,1,S3,131.4,86.3,244.8,133.7,21,512,6,54.8,10.7,17.5,Full mode (S2-S4 three tabs)
2026-09-25 10:20,v0.6.3-dist,1,S4,96.2,51.1,183.7,133.7,14,488,2,18.2,3.5,5.8,Full mode (S2-S4 three tabs)
2026-09-25 10:22,v0.6.3-dist,1,S5,97.1,51.4,184.3,133.7,15,494,4,18.2,3.5,5.8,Full mode (S2-S4 three tabs)
2026-09-25 10:22,gpui-floor,1,S1,98.6,43.1,85.4,140.4,12,451,0,0,0,0,
2026-09-25 10:26,main,1,S1,93.8,49.4,182.2,101,18,487,2,18.2,3.5,5.9,Full mode (S2-S4 three tabs)
2026-09-25 10:27,main,1,S2,97.9,53.1,235.1,101,21,515,6,54.7,10.7,23.6,Full mode (S2-S4 three tabs)
2026-09-25 10:27,main,1,S3,131.6,86.5,245,133.3,21,515,6,54.6,10.6,17.5,Full mode (S2-S4 three tabs)
2026-09-25 10:28,main,1,S4,96.3,51.1,183.7,133.3,14,491,2,18.2,3.5,5.8,Full mode (S2-S4 three tabs)
2026-09-25 10:30,main,1,S5,96.5,51.2,183.8,133.3,15,496,4,32,5.2,8.5,Full mode (S2-S4 three tabs)
2026-09-25 10:30,main,2,S1,93.8,49.3,182.3,100.8,19,489,2,18.2,3.5,5.8,Full mode (S2-S4 three tabs)
2026-09-25 10:31,main,2,S2,98.3,53.5,235.6,100.8,22,515,6,54.6,10.6,22.5,Full mode (S2-S4 three tabs)
2026-09-25 10:31,main,2,S3,131.8,86.6,245.2,134,22,515,6,54.6,10.6,17.5,Full mode (S2-S4 three tabs)
2026-09-25 10:32,main,2,S4,96.7,51.4,184.1,134,15,491,2,18.2,3.5,5.8,Full mode (S2-S4 three tabs)
2026-09-25 10:34,main,2,S5,96.8,51.6,184.2,134,15,494,5,47.2,9.5,16.5,Full mode (S2-S4 three tabs)
2026-09-25 10:34,v0.4.2-dist,1,S1,100.7,46.6,159.2,109.3,20,486,2,18.4,3.5,5.8,
2026-09-25 10:35,v0.4.2-dist,1,S2,100.8,46.6,159.2,109.3,17,484,2,18.4,3.5,5.8,"INVALID: the v0.4.2 tab bar has no ""+"" at the scripted point, no tab was opened or closed"
2026-09-25 10:36,v0.4.2-dist,1,S3,123.3,69.1,181.1,124.5,17,486,2,18.5,3.6,5.8,
2026-09-25 10:36,v0.4.2-dist,1,S4,123.3,69.1,181,124.5,16,484,2,18.4,3.5,5.8,"INVALID: the v0.4.2 tab bar has no ""+"" at the scripted point, no tab was opened or closed"
2026-09-25 10:38,v0.4.2-dist,1,S5,123.2,69,181,124.5,15,480,2,18.4,3.5,5.8,"INVALID: the v0.4.2 tab bar has no ""+"" at the scripted point, no tab was opened or closed"
2026-09-25 10:38,gpui-floor,2,S1,75.7,40.2,82.7,84.6,12,433,0,0,0,0,
2026-09-25 10:39,main-nohl,1,S1,94.1,49.8,182.5,101.2,18,495,2,18.1,3.4,5.5,nohl
2026-09-25 10:40,main-nohl,1,S3,126.1,81.7,190.9,128.5,16,492,2,18.2,3.5,5.5,nohl
2026-09-25 10:40,main-nolig,1,S1,93.6,49,181.9,101.1,19,487,2,18.2,3.5,5.8,nolig
2026-09-25 10:41,main-nolig,1,S3,128.1,83.1,192.3,129.9,16,492,2,18.3,3.6,5.8,nolig
2026-09-25 10:41,main-sb1k,1,S1,93.7,49.2,182.1,101.6,18,487,2,18.2,3.6,5.9,sb1k
2026-09-25 10:42,main-sb1k,1,S3,120.3,75.4,184.6,123,16,491,2,18.3,3.6,5.9,sb1k
2026-09-25 10:43,main-sb100k,1,S1,99.3,54.8,187.5,107.1,18,485,2,18.2,3.5,5.8,sb100k
2026-09-25 10:43,main-sb100k,1,S3,195,150,259.6,199.4,15,489,2,18.3,3.6,5.8,sb100k
2026-09-25 10:44,main-nocompl,1,S1,127.1,49.4,182.2,127.7,18,485,2,18.2,3.5,5.9,nocompl
2026-09-25 10:44,main-nocompl,1,S3,159.7,82,191.2,162.1,16,483,2,18.3,3.6,5.9,nocompl
2026-09-25 10:45,main-update,1,S1,128.9,49.8,182.6,130,20,528,2,18.2,3.5,5.8,auto update check on
2026-09-25 10:46,v0.5.2,1,S1,103.8,48.8,185.2,114.9,18,486,2,18.4,3.5,5.9,
2026-09-25 10:46,v0.5.2,1,S3,151,95.7,208,153.8,15,488,2,18.5,3.6,5.8,
2026-09-25 10:47,v0.5.2,2,S1,104,49,185.4,110.7,18,486,2,18.4,3.5,5.8,
2026-09-25 10:48,v0.5.2,2,S3,150.7,95.5,207.6,153.2,15,486,2,18.5,3.6,5.8,
2026-09-25 10:48,v0.6.0,1,S1,126.5,49.4,182.4,127.2,18,483,2,18.2,3.5,5.8,
2026-09-25 10:49,v0.6.0,1,S3,159,81.9,191.1,161,15,485,2,18.3,3.5,5.8,
2026-09-25 10:49,v0.6.0,2,S1,126.4,49.4,182.4,127.1,18,483,2,18.2,3.5,5.5,
2026-09-25 10:50,v0.6.0,2,S3,158.4,81.4,190.7,161,15,483,2,18.2,3.5,5.5,
2026-09-25 10:51,v0.6.2,1,S1,127,49.3,182.1,127.6,18,487,2,18.2,3.5,5.8,
2026-09-25 10:51,v0.6.2,1,S3,159.9,82.1,191.4,162.7,15,489,2,18.3,3.6,5.8,
2026-09-25 10:52,v0.6.2,2,S1,126.9,49.2,182.1,127.5,18,487,2,18.2,3.5,5.8,
2026-09-25 10:52,v0.6.2,2,S3,159.9,82.2,191.4,162.5,15,489,2,18.3,3.6,5.8,
2026-09-25 10:55,v0.6.1,1,S1,127,49.4,182.2,128,18,487,2,18.6,3.6,5.9,
2026-09-25 10:55,v0.6.1,1,S3,159.9,82.2,191.4,162.7,15,489,2,18.7,3.6,5.9,
2026-09-25 10:56,v0.6.1,2,S1,127.6,49.8,182.7,128.3,19,488,2,18.2,3.5,5.9,
2026-09-25 10:56,v0.6.1,2,S3,159.8,81.9,191.1,162.8,16,492,2,18.3,3.6,5.9,
2026-09-25 11:01,v0.5.0,1,S1,101.3,48.5,184.8,112.6,16,455,2,18.4,3.5,5.8,
2026-09-25 11:02,v0.5.0,1,S3,149,96,208.2,150.5,15,458,2,18.5,3.6,5.8,
2026-09-25 11:02,v0.5.0,2,S1,89.9,48.4,184.8,100.7,16,456,2,18.4,3.5,5.9,
2026-09-25 11:03,v0.5.0,2,S3,149.6,96.6,208.8,150.4,15,458,2,18.5,3.6,5.9,
2026-09-25 11:11,main,1,S1,127,49.3,182.1,127.7,18,487,2,18.2,3.5,5.8,Bisect mode (one tab)
2026-09-25 11:11,main,1,S3,159.8,82.1,191.3,162.6,15,489,2,18.3,3.5,5.8,Bisect mode (one tab)
2026-09-25 11:12,main,2,S1,127.2,49.5,182.3,127.8,18,486,2,18.2,3.5,5.9,Bisect mode (one tab)
2026-09-25 11:12,main,2,S3,159.6,81.9,191,162.2,15,489,2,18.3,3.5,5.9,Bisect mode (one tab)
2026-09-25 12:09,s6-default,1,S1,92.6,49.1,182,100.4,17,462,2,18.2,3.5,5.9,"S6 mode, probe build (main 898148e5 + counting allocator, thin LTO); 2 tabs of tui-mimic.py 180 s"
2026-09-25 12:13,s6-default,1,S6,139,94.4,239.2,139.7,19,481,4,36.7,7.2,11.9,"S6 mode, probe build (main 898148e5 + counting allocator, thin LTO); 2 tabs of tui-mimic.py 180 s"
2026-09-25 12:14,s6-50k,1,S1,94.8,51.3,184.1,101.8,17,463,2,18.2,3.5,5.8,"S6 mode, probe build (main 898148e5 + counting allocator, thin LTO); 2 tabs of tui-mimic.py 180 s"
2026-09-25 12:18,s6-50k,1,S6,200.6,155.9,298.3,201.8,18,481,4,36.7,7.2,11.8,"S6 mode, probe build (main 898148e5 + counting allocator, thin LTO); 2 tabs of tui-mimic.py 180 s"
2026-09-25 12:20,s6-100k,1,S1,97.8,54.3,187.1,104.6,17,461,2,18.2,3.5,5.9,"S6 mode, probe build (main 898148e5 + counting allocator, thin LTO); 2 tabs of tui-mimic.py 180 s"
2026-09-25 12:24,s6-100k,1,S6,262.6,218,361.6,263.6,18,477,4,36.7,7.2,11.8,"S6 mode, probe build (main 898148e5 + counting allocator, thin LTO); 2 tabs of tui-mimic.py 180 s"
2026-09-25 12:25,s6-default,2,S1,93,49.4,182.1,100,17,461,2,18.2,3.5,5.8,"S6 mode, probe build (main 898148e5 + counting allocator, thin LTO); 2 tabs of tui-mimic.py 180 s"
2026-09-25 12:29,s6-default,2,S6,138.7,93.9,236.3,140.3,17,475,6,36.7,7.2,11.8,"S6 mode, probe build (main 898148e5 + counting allocator, thin LTO); 2 tabs of tui-mimic.py 180 s"
2026-09-25 12:30,s6-50k,2,S1,95,51.5,184.2,101.8,17,465,2,18.2,3.5,5.8,"S6 mode, probe build (main 898148e5 + counting allocator, thin LTO); 2 tabs of tui-mimic.py 180 s"
2026-09-25 12:34,s6-50k,2,S6,197.9,153.2,297.8,198.8,18,479,4,36.7,7.2,11.8,"S6 mode, probe build (main 898148e5 + counting allocator, thin LTO); 2 tabs of tui-mimic.py 180 s"
2026-09-25 12:35,s6-100k,2,S1,98,54.5,187.3,104.9,17,461,2,18.2,3.5,5.9,"S6 mode, probe build (main 898148e5 + counting allocator, thin LTO); 2 tabs of tui-mimic.py 180 s"
2026-09-25 12:39,s6-100k,2,S6,258.9,214.3,359.6,260.5,18,479,4,36.7,7.2,11.9,"S6 mode, probe build (main 898148e5 + counting allocator, thin LTO); 2 tabs of tui-mimic.py 180 s"
2026-09-25 12:41,s6-default-1920,1,S1,92.6,49.1,181.9,100.4,17,463,2,18.2,3.5,5.8,"S6 mode, probe build (main 898148e5 + counting allocator, thin LTO); 2 tabs of tui-mimic.py 180 s, window 1920x1040 during load"
2026-09-25 12:45,s6-default-1920,1,S6,154.7,110.1,275.4,156.5,19,481,4,36.8,7.3,11.9,"S6 mode, probe build (main 898148e5 + counting allocator, thin LTO); 2 tabs of tui-mimic.py 180 s, window 1920x1040 during load"
2026-09-25 12:46,s6-default-1920,2,S1,93,49.5,182.2,99.9,17,461,2,18.2,3.5,5.9,"S6 mode, probe build (main 898148e5 + counting allocator, thin LTO); 2 tabs of tui-mimic.py 180 s, window 1920x1040 during load"
2026-09-25 12:50,s6-default-1920,2,S6,155.1,110.4,276,156.3,19,481,4,36.8,7.3,11.9,"S6 mode, probe build (main 898148e5 + counting allocator, thin LTO); 2 tabs of tui-mimic.py 180 s, window 1920x1040 during load"
"2026-09-25 11:44","bug0078-before","1","S1","90.6","48.4","181.1","96.9","16","462","2","15.5","2.9","4.9","BUG-0078"
"2026-09-25 11:47","bug0078-before","1","T1","138.5","88.6","199.3","139.4","14","467","2","15.6","3","5","BUG-0078"
"2026-09-25 11:50","bug0078-before","1","T2","174.1","123.7","237.6","174.9","17","486","4","31.5","6","12.2","BUG-0078"
"2026-09-25 11:51","bug0078-before","2","S1","90.7","48.6","181.4","96.9","16","462","2","15.5","2.8","5","BUG-0078"
"2026-09-25 11:53","bug0078-before","2","T1","131.1","88.3","198.8","132.7","14","465","2","15.6","2.9","5.1","BUG-0078"
"2026-09-25 11:56","bug0078-before","2","T2","167.3","123.9","237.6","168.3","18","482","4","31.5","6","12.2","BUG-0078"
"2026-09-25 12:04","bug0078-before-q","1","S1","90.4","48.1","180.8","97.1","16","464","2","15.5","2.9","4.9","BUG-0078"
"2026-09-25 12:05","bug0078-before-q","1","S2","95.1","52.1","234.3","97.1","21","491","6","46.6","8.7","21","BUG-0078"
"2026-09-25 12:06","bug0078-before-q","1","S3","126.2","82.9","243.9","126.9","21","491","6","46.5","8.6","14.8","BUG-0078"
"2026-09-25 12:06","bug0078-before-q","1","S4","93.2","49.9","182.5","126.9","14","467","2","15.5","2.9","4.9","BUG-0078"
"2026-09-25 12:08","bug0078-before-q","1","S5","93.8","50.5","183.2","126.9","14","467","2","15.5","2.9","4.9","BUG-0078"
"2026-09-25 12:09","bug0078-after","1","S1","142.3","58.4","167.4","156.5","16","487","2","15.5","2.9","4.9","BUG-0078"
"2026-09-25 12:09","bug0078-after","1","S2","146.5","62.3","173.4","156.5","21","514","6","46.6","8.7","21","BUG-0078"
"2026-09-25 12:10","bug0078-after","1","S3","155.9","71.7","182.6","158.3","21","514","6","46.5","8.6","14.8","BUG-0078"
"2026-09-25 12:10","bug0078-after","1","S4","143.5","59.3","168","158.3","14","490","2","15.5","2.9","4.9","BUG-0078"
"2026-09-25 12:12","bug0078-after","1","S5","144.2","59.9","168.7","158.3","14","490","2","15.5","2.9","4.9","BUG-0078"
"2026-09-25 12:13","bug0078-before-q","2","S1","90.9","48.6","181.4","97.1","16","461","2","15.5","2.9","4.9","BUG-0078"
"2026-09-25 12:13","bug0078-before-q","2","S2","95.7","52.8","235.1","97.1","21","491","6","46.6","8.7","21","BUG-0078"
"2026-09-25 12:14","bug0078-before-q","2","S3","127.4","84.2","244.9","128.2","21","491","6","46.5","8.6","14.8","BUG-0078"
"2026-09-25 12:14","bug0078-before-q","2","S4","94.4","51.1","183.8","128.2","15","469","2","15.5","2.9","4.9","BUG-0078"
"2026-09-25 12:16","bug0078-before-q","2","S5","94.4","51.1","183.8","128.2","15","469","2","15.5","2.9","4.9","BUG-0078"
"2026-09-25 12:17","bug0078-after","2","S1","90.3","48","157","95.6","16","464","2","15.5","2.9","4.9","BUG-0078"
"2026-09-25 12:17","bug0078-after","2","S2","94.9","52","163.2","95.7","21","491","6","46.6","8.7","20","BUG-0078"
"2026-09-25 12:18","bug0078-after","2","S3","105.9","62.7","173.9","107.3","22","493","6","46.5","8.6","14.8","BUG-0078"
"2026-09-25 12:18","bug0078-after","2","S4","94","50.7","159.7","107.3","15","469","2","15.5","2.9","4.9","BUG-0078"
"2026-09-25 12:20","bug0078-after","2","S5","94.2","50.9","160","107.3","14","465","2","15.5","2.9","4.9","BUG-0078"
"2026-09-25 12:21","bug0078-after","1","S1","90.9","48.6","157.7","97.2","16","462","2","15.5","2.9","4.9","BUG-0078"
"2026-09-25 12:24","bug0078-after","1","T1","111.9","62.1","172","112.7","14","469","2","15.6","2.9","5","BUG-0078"
"2026-09-25 12:26","bug0078-after","1","T2","122.7","72.2","183.4","124.8","18","486","4","31.5","6","12.2","BUG-0078"
"2026-09-25 12:27","bug0078-after","2","S1","98.2","48.8","157.9","110.5","16","465","2","15.5","2.9","5","BUG-0078"
"2026-09-25 12:30","bug0078-after","2","T1","111.9","62","172","113.9","14","466","2","15.6","2.9","5","BUG-0078"
"2026-09-25 12:33","bug0078-after","2","T2","122.7","72.1","183.3","124.3","18","485","4","31.5","6","12.2","BUG-0078"
"2026-09-25 12:33","bug0078-after-instr","1","S1","141.9","58","167","159.2","17","489","2","15.5","2.9","4.9","BUG-0078"
"2026-09-25 12:36","bug0078-after-instr","1","T1","153.3","69.1","178.9","159.2","14","488","2","15.6","2.9","5","BUG-0078"
"2026-09-25 12:39","bug0078-after-instr","1","T2","165.2","80.7","192","166.6","17","507","4","31.5","6","12.2","BUG-0078"
"2026-09-25 12:40","bug0078-after","3","S1","90.8","48.5","157.4","97.3","16","461","2","15.5","2.9","4.9","BUG-0078"
"2026-09-25 12:41","bug0078-after","3","S2","95.4","52.5","163.8","97.3","21","489","6","46.6","8.7","21","BUG-0078"
"2026-09-25 12:41","bug0078-after","3","S3","104.4","61.2","172.3","107.1","21","489","6","46.5","8.6","14.8","BUG-0078"
"2026-09-25 12:42","bug0078-after","3","S4","93.2","49.8","158.8","107.1","14","465","2","15.5","2.9","4.9","BUG-0078"
"2026-09-25 12:44","bug0078-after","3","S5","93.6","50.2","159.1","107.1","14","465","2","15.5","2.9","4.9","BUG-0078"
"2026-09-25 12:44","bug0078-before-big","1","S1","90.8","48.6","201.1","101.8","16","455","2","15.5","2.9","5","BUG-0078"
"2026-09-25 12:47","bug0078-before-big","1","T1","141.3","98.5","231.6","144.1","14","451","2","15.7","3.1","5.2","BUG-0078"
"2026-09-25 12:50","bug0078-before-big","1","T2","143.8","100.6","233.7","145.5","14","453","2","16","3.2","7.2","BUG-0078"
"2026-09-25 12:51","bug0078-after-instr-big","1","S1","91.3","49.1","177.9","101.9","16","456","2","15.5","2.9","5","BUG-0078"
"2026-09-25 12:53","bug0078-after-instr-big","1","T1","114.2","71.4","201.6","115.4","14","457","4","15.7","3","5.1","BUG-0078"
"2026-09-25 12:56","bug0078-after-instr-big","1","T2","114.4","71.2","201.5","116.2","14","457","2","16","3.1","7.3","BUG-0078"
"2026-09-25 13:10","bug0078-after-s6-10k","1","S1","90.6","48.3","157.4","96.9","16","464","2","15.5","2.9","4.9","BUG-0078"
"2026-09-25 13:14","bug0078-after-s6-10k","1","S6","118.6","75.2","186.6","120.2","18","482","4","31.1","5.8","10.1","BUG-0078"
"2026-09-25 13:15","bug0078-after-s6-10k","2","S1","90.8","48.5","157.6","97.2","16","463","2","15.5","2.9","4.9","BUG-0078"
"2026-09-25 13:19","bug0078-after-s6-10k","2","S6","118.4","75.1","186","119.2","18","480","4","31.1","5.8","10","BUG-0078"
"2026-09-25 15:09","s7-v0.6.3-rich","1","S1","127.1","49.4","182.3","134.5","18","487","2","18.4","3.5","5.8","v0.6.3 dist, 10k, rich, maximized, left monitor"
"2026-09-25 15:11","s7-v0.6.3-rich","1","S7-t1","195.2","116.5","281.4","195.4","18","525","6","123.2","71.8","79.4","v0.6.3 dist, 10k, rich, maximized, left monitor client 1920x1032"
"2026-09-25 15:12","s7-v0.6.3-rich","1","S7-t2","200.8","122.1","284.1","201.7","17","523","6","123.8","72.4","79.8","v0.6.3 dist, 10k, rich, maximized, left monitor client 1920x1032"
"2026-09-25 15:12","s7-main-rich","1","S1","127.1","49.4","110.5","127.9","18","489","2","18.2","3.5","5.8","main d27f06ca, 10k, rich, maximized"
"2026-09-25 15:13","s7-v0.6.3-rich","1","S7-t3","206.7","128","286.9","207.4","17","523","6","124","72.6","79.9","v0.6.3 dist, 10k, rich, maximized, left monitor client 1920x1032"
"2026-09-25 15:14","s7-v0.6.3-rich","1","S7-t4","210.8","132.1","288.8","211","17","523","6","124.1","72.8","80.1","v0.6.3 dist, 10k, rich, maximized, left monitor client 1920x1032"
"2026-09-25 15:14","s7-main-rich","1","S7-t1","175","96.2","179.3","176.1","18","531","6","123.5","72.3","80.2","main d27f06ca, 10k, rich, maximized client 1920x1032"
"2026-09-25 15:15","s7-v0.6.3-rich","1","S7-t5","214.9","136","289.7","215.9","18","525","7","125.1","73.3","84.5","v0.6.3 dist, 10k, rich, maximized, left monitor client 1920x1032"
"2026-09-25 15:15","s7-main-rich","1","S7-t2","177.2","98.4","181.6","178","17","529","6","123.9","72.7","80.4","main d27f06ca, 10k, rich, maximized client 1920x1032"
"2026-09-25 15:16","s7-v0.6.3-rich","1","S7-t6","221","142","292.9","222.6","17","523","6","125.2","73.4","82.6","v0.6.3 dist, 10k, rich, maximized, left monitor client 1920x1032"
"2026-09-25 15:16","s7-main-rich","1","S7-t3","179.9","101.1","184.1","180.8","17","529","6","123.5","72.3","80.1","main d27f06ca, 10k, rich, maximized client 1920x1032"
"2026-09-25 15:17","s7-v0.6.3-rich","1","S7-t7","225.2","146.2","295","226.6","17","523","6","125.2","73.4","80.6","v0.6.3 dist, 10k, rich, maximized, left monitor client 1920x1032"
"2026-09-25 15:17","s7-main-rich","1","S7-t4","181.5","102.5","186.1","181.9","18","531","6","124.7","73.3","83","main d27f06ca, 10k, rich, maximized client 1920x1032"
"2026-09-25 15:18","s7-v0.6.3-rich","1","S7-t8","227.1","148.1","295.1","228.5","17","523","6","124.9","73.1","80.6","v0.6.3 dist, 10k, rich, maximized, left monitor client 1920x1032"
"2026-09-25 15:18","s7-main-rich","1","S7-t5","182","103","186.3","182.9","18","531","6","125.2","73.5","85.1","main d27f06ca, 10k, rich, maximized client 1920x1032"
"2026-09-25 15:19","s7-v0.6.3-rich","1","S7-t9","228.4","149.5","295.1","229.8","18","523","6","125.4","73.5","80.7","v0.6.3 dist, 10k, rich, maximized, left monitor client 1920x1032"
"2026-09-25 15:19","s7-main-rich","1","S7-t6","185.2","106.1","189.3","185.9","17","529","6","125.3","73.6","83.2","main d27f06ca, 10k, rich, maximized client 1920x1032"
"2026-09-25 15:20","s7-v0.6.3-rich","1","S7-t10","229.5","150.5","295","230.4","18","525","6","125.4","73.5","85","v0.6.3 dist, 10k, rich, maximized, left monitor client 1920x1032"
"2026-09-25 15:20","s7-main-rich","1","S7-t7","186.2","107.2","190.4","186.9","17","529","6","124.6","72.9","81","main d27f06ca, 10k, rich, maximized client 1920x1032"
"2026-09-25 15:21","s7-v0.6.3-rich","1","S7-t11","231.2","152.3","295.8","231.8","17","523","6","125.3","73.4","80.9","v0.6.3 dist, 10k, rich, maximized, left monitor client 1920x1032"
"2026-09-25 15:21","s7-main-rich","1","S7-t8","186.9","107.9","191.2","187.7","17","529","6","125","73.3","81","main d27f06ca, 10k, rich, maximized client 1920x1032"
"2026-09-25 15:22","s7-v0.6.3-rich","1","S7-t12","231.3","152.4","295.1","234.1","17","523","6","125.6","73.7","80.8","v0.6.3 dist, 10k, rich, maximized, left monitor client 1920x1032"
"2026-09-25 15:22","s7-main-rich","1","S7-t9","187.6","108.5","191.9","189.1","18","531","6","125.2","73.5","83.1","main d27f06ca, 10k, rich, maximized client 1920x1032"
"2026-09-25 15:23","s7-v0.6.3-rich","1","S7-t13","233.4","154.5","296.9","234.5","17","523","6","125.8","73.9","81.1","v0.6.3 dist, 10k, rich, maximized, left monitor client 1920x1032"
"2026-09-25 15:23","s7-main-rich","1","S7-t10","188.1","109.2","192.6","189.2","18","531","6","125.5","73.8","84.3","main d27f06ca, 10k, rich, maximized client 1920x1032"
"2026-09-25 15:24","s7-v0.6.3-rich","1","S7-t14","234.3","155.4","298.1","235.4","17","523","6","125.8","73.9","81.2","v0.6.3 dist, 10k, rich, maximized, left monitor client 1920x1032"
"2026-09-25 15:24","s7-main-rich","1","S7-t11","187.8","108.9","192.2","189.5","18","529","6","125.4","73.7","81.2","main d27f06ca, 10k, rich, maximized client 1920x1032"
"2026-09-25 15:25","s7-v0.6.3-rich","1","S7-t15","234.2","155.3","297.7","235.9","17","523","8","125.9","74","81.2","v0.6.3 dist, 10k, rich, maximized, left monitor client 1920x1032"
"2026-09-25 15:25","s7-main-rich","1","S7-t12","188.2","109.2","192.5","190.3","18","529","6","125.5","73.8","81.2","main d27f06ca, 10k, rich, maximized client 1920x1032"
"2026-09-25 15:26","s7-v0.6.3-rich","1","S7-t16","234.9","156.1","298.1","236.4","17","523","6","125.8","73.9","81.2","v0.6.3 dist, 10k, rich, maximized, left monitor client 1920x1032"
"2026-09-25 15:26","s7-main-rich","1","S7-t13","188.2","109.3","192.6","190.7","17","525","6","125.5","73.7","81.2","main d27f06ca, 10k, rich, maximized client 1920x1032"
"2026-09-25 15:27","s7-v0.6.3-rich","1","S7-t17","237.8","158.9","300.3","238.6","17","523","6","125.9","74","81.2","v0.6.3 dist, 10k, rich, maximized, left monitor client 1920x1032"
"2026-09-25 15:27","s7-main-rich","1","S7-t14","189.4","110.5","194.6","190.9","18","527","6","125.5","73.8","81.2","main d27f06ca, 10k, rich, maximized client 1920x1032"
"2026-09-25 15:28","s7-v0.6.3-rich","1","S7-t18","236.1","157.2","298.4","238.7","17","523","6","126","74.1","81.3","v0.6.3 dist, 10k, rich, maximized, left monitor client 1920x1032"
"2026-09-25 15:28","s7-main-rich","1","S7-t15","188.1","109.2","193.3","190.9","18","527","6","125.7","74","81.4","main d27f06ca, 10k, rich, maximized client 1920x1032"
"2026-09-25 15:29","s7-v0.6.3-rich","1","S7-t19","236.2","157.3","298.5","238.7","17","523","6","125.8","73.9","81.3","v0.6.3 dist, 10k, rich, maximized, left monitor client 1920x1032"
"2026-09-25 15:29","s7-main-rich","1","S7-t16","188.5","109.6","193.6","190.9","17","523","6","125.8","74","81.4","main d27f06ca, 10k, rich, maximized client 1920x1032"
"2026-09-25 15:30","s7-v0.6.3-rich","1","S7-t20","236.5","157.6","298.7","238.7","17","523","5","81.8","40.7","46.6","v0.6.3 dist, 10k, rich, maximized, left monitor client 1920x1032"
"2026-09-25 15:30","s7-main-rich","1","S7-t17","188.7","109.8","193.6","190.9","17","523","6","125.9","74.2","81.6","main d27f06ca, 10k, rich, maximized client 1920x1032"
"2026-09-25 15:30","s7-v0.6.3-rich","1","S7-end","236.6","157.8","298.8","238.7","17","523","4","37.5","7.3","11.9","v0.6.3 dist, 10k, rich, maximized, left monitor client 1920x1032"
"2026-09-25 15:31","s7-main-rich","1","S7-t18","189","110.1","193.7","190.9","17","523","6","125.6","73.9","81.6","main d27f06ca, 10k, rich, maximized client 1920x1032"
"2026-09-25 15:32","s7-main-rich","1","S7-t19","190.8","111.9","195.6","198.2","17","523","6","126.6","74.3","81.7","main d27f06ca, 10k, rich, maximized client 1920x1032"
"2026-09-25 15:33","s7-main-rich","1","S7-t20","190.5","111.5","195.1","198.2","17","523","5","82.3","40.7","46.8","main d27f06ca, 10k, rich, maximized client 1920x1032"
"2026-09-25 15:33","s7-main-rich","1","S7-end","190","111.1","194.6","198.2","17","523","4","38.1","7.4","12.1","main d27f06ca, 10k, rich, maximized client 1920x1032"
"2026-09-25 15:34","s7-v0.6.3-plain","1","S1","127","49.4","182.2","134.9","18","487","2","18.4","3.5","5.8","v0.6.3 dist, 10k, plain mimic, maximized, left monitor"
"2026-09-25 15:34","s7-main-rich","2","S1","93.7","49.4","110.5","100.9","18","487","2","18.2","3.5","5.8","main d27f06ca, 10k, rich, maximized, confirmation"
"2026-09-25 15:36","s7-v0.6.3-plain","1","S7-t1","189.5","103.6","271.4","190.5","18","512","6","120.5","69.2","78.6","v0.6.3 dist, 10k, plain mimic, maximized, left monitor client 1920x1032"
"2026-09-25 15:36","s7-main-rich","2","S7-t1","128.3","82.4","165.5","128.6","18","524","5","79.9","39.6","45.6","main d27f06ca, 10k, rich, maximized, confirmation client 1920x1032"
"2026-09-25 15:37","s7-v0.6.3-plain","1","S7-t2","195.1","109.2","273.9","195.8","17","510","6","120.6","69.2","78.6","v0.6.3 dist, 10k, plain mimic, maximized, left monitor client 1920x1032"
"2026-09-25 15:37","s7-main-rich","2","S7-t2","128.6","82.7","165.9","129.9","17","522","5","80.2","40","45.9","main d27f06ca, 10k, rich, maximized, confirmation client 1920x1032"
"2026-09-25 15:38","s7-v0.6.3-plain","1","S7-t3","202.7","116.8","278.3","203.3","17","510","6","120.6","69.3","78.6","v0.6.3 dist, 10k, plain mimic, maximized, left monitor client 1920x1032"
"2026-09-25 15:38","s7-main-rich","2","S7-t3","130.2","84.2","167.4","130.9","17","522","5","80.4","40.2","46","main d27f06ca, 10k, rich, maximized, confirmation client 1920x1032"
"2026-09-25 15:38","s7-v0.6.3-plain","1","S7-t4","205.6","119.8","278.4","206","18","512","6","120.6","69.3","78.6","v0.6.3 dist, 10k, plain mimic, maximized, left monitor client 1920x1032"
"2026-09-25 15:39","s7-main-rich","2","S7-t4","131.4","85.3","168.8","132.1","17","522","5","80.5","40.2","46.2","main d27f06ca, 10k, rich, maximized, confirmation client 1920x1032"
"2026-09-25 15:40","s7-v0.6.3-plain","1","S7-t5","208.1","122","278.1","208.9","18","512","6","121.3","69.5","82.9","v0.6.3 dist, 10k, plain mimic, maximized, left monitor client 1920x1032"
"2026-09-25 15:40","s7-main-rich","2","S7-t5","131.9","85.8","169.1","132.6","17","522","5","81.3","40.6","50.6","main d27f06ca, 10k, rich, maximized, confirmation client 1920x1032"
"2026-09-25 15:40","s7-v0.6.3-plain","1","S7-t6","210.4","124.3","278.1","211.1","18","514","6","121.2","69.4","80.8","v0.6.3 dist, 10k, plain mimic, maximized, left monitor client 1920x1032"
"2026-09-25 15:41","s7-main-rich","2","S7-t6","133.4","87.3","170.4","135.1","17","524","5","80.6","39.9","48.4","main d27f06ca, 10k, rich, maximized, confirmation client 1920x1032"
"2026-09-25 15:42","s7-v0.6.3-plain","1","S7-t7","213.1","126.9","278.5","213.2","17","510","6","121.2","69.3","78.6","v0.6.3 dist, 10k, plain mimic, maximized, left monitor client 1920x1032"
"2026-09-25 15:42","s7-main-rich","2","S7-t7","134.1","88","171.3","135.1","17","524","5","81.1","40.4","46.4","main d27f06ca, 10k, rich, maximized, confirmation client 1920x1032"
"2026-09-25 15:43","s7-v0.6.3-plain","1","S7-t8","214.5","128.4","278.1","215.9","17","510","6","121.2","69.3","78.6","v0.6.3 dist, 10k, plain mimic, maximized, left monitor client 1920x1032"
"2026-09-25 15:43","s7-main-rich","2","S7-t8","134.4","87.7","171","135.2","17","525","5","81","40.4","46.4","main d27f06ca, 10k, rich, maximized, confirmation client 1920x1032"
"2026-09-25 15:43","s7-v0.6.3-plain","1","S7-t9","217.1","131","278.8","217.9","17","510","6","121.2","69.3","78.6","v0.6.3 dist, 10k, plain mimic, maximized, left monitor client 1920x1032"
"2026-09-25 15:44","s7-main-rich","2","S7-t9","145.8","88.5","171.8","146.7","18","527","5","81","40.3","48.6","main d27f06ca, 10k, rich, maximized, confirmation client 1920x1032"
"2026-09-25 15:45","s7-v0.6.3-plain","1","S7-t10","211.5","132.8","279.2","218.1","18","512","4","37.5","7.4","16","v0.6.3 dist, 10k, plain mimic, maximized, left monitor client 1920x1032"
"2026-09-25 15:45","s7-v0.6.3-plain","1","S7-end","211","132.3","278.6","218.1","17","508","4","37.5","7.3","14","v0.6.3 dist, 10k, plain mimic, maximized, left monitor client 1920x1032"
"2026-09-25 15:45","s7-main-rich","2","S7-t10","144.9","87.7","170.9","146.7","18","527","4","37.2","7.3","15.9","main d27f06ca, 10k, rich, maximized, confirmation client 1920x1032"
"2026-09-25 15:45","s7-main-rich","2","S7-end","145.3","88.1","171.3","146.7","17","523","4","37.1","7.3","13.9","main d27f06ca, 10k, rich, maximized, confirmation client 1920x1032"
"2026-09-25 15:47","s7-main-plain","1","S1","91.7","49.4","110.5","100.4","17","465","2","18.2","3.5","5.8","main d27f06ca, 10k, plain mimic, maximized"
"2026-09-25 15:49","s7-main-plain","1","S7-t1","129.8","86.5","169.5","130.2","19","485","6","120.1","69.1","78.6","main d27f06ca, 10k, plain mimic, maximized client 1920x1032"
"2026-09-25 15:50","s7-main-plain","1","S7-t2","130.7","87.4","170.8","132.1","17","481","6","120.2","69.1","78.7","main d27f06ca, 10k, plain mimic, maximized client 1920x1032"
"2026-09-25 15:51","s7-main-plain","1","S7-t3","133.5","90.3","172.9","135.3","17","481","6","120.2","69.2","78.7","main d27f06ca, 10k, plain mimic, maximized client 1920x1032"
"2026-09-25 15:52","s7-main-plain","1","S7-t4","134.4","91.2","174","135.5","17","481","6","120.2","69.1","78.6","main d27f06ca, 10k, plain mimic, maximized client 1920x1032"
"2026-09-25 15:53","s7-main-plain","1","S7-t5","135.5","92","174.6","136.4","18","483","6","121","69.4","83","main d27f06ca, 10k, plain mimic, maximized client 1920x1032"
"2026-09-25 15:54","s7-main-plain","1","S7-t6","135.8","92.2","174.9","136.4","17","483","6","120.9","69.4","80.9","main d27f06ca, 10k, plain mimic, maximized client 1920x1032"
"2026-09-25 15:55","s7-main-plain","1","S7-t7","135.2","91.7","174.5","136.4","17","483","6","120.9","69.4","78.9","main d27f06ca, 10k, plain mimic, maximized client 1920x1032"
"2026-09-25 15:56","s7-main-plain","1","S7-t8","136.1","92.5","175.4","137.4","17","483","6","120.9","69.4","78.8","main d27f06ca, 10k, plain mimic, maximized client 1920x1032"
"2026-09-25 15:57","s7-main-plain","1","S7-t9","136.9","93.4","176.3","137.8","17","483","6","121","69.4","78.9","main d27f06ca, 10k, plain mimic, maximized client 1920x1032"
"2026-09-25 15:58","s7-main-plain","1","S7-t10","136.4","93","175.9","138","18","485","5","79.1","38.4","49.5","main d27f06ca, 10k, plain mimic, maximized client 1920x1032"
"2026-09-25 15:58","s7-main-plain","1","S7-end","136.5","93.1","176","138","17","481","4","37.2","7.4","14","main d27f06ca, 10k, plain mimic, maximized client 1920x1032"
"2026-09-25 16:16","s7-main-rich-long","1","S1","92.2","49","110.1","98.5","16","470","2","18.2","3.5","5.8","main d27f06ca, 10k, rich, maximized on a disconnected-session display"
"2026-09-25 16:18","s7-main-rich-long","1","S7-t1","137.6","92.8","169.7","138.5","19","515","6","123.5","72.4","80.1","main d27f06ca, 10k, rich, maximized on a disconnected-session display client 1872x873"
"2026-09-25 16:19","s7-main-rich-long","1","S7-t2","138.9","94.1","171.2","140.1","17","511","6","123.9","72.7","80.1","main d27f06ca, 10k, rich, maximized on a disconnected-session display client 1872x873"
"2026-09-25 16:20","s7-main-rich-long","1","S7-t3","140.6","95.8","173.2","141.3","17","511","6","124.1","72.9","80.2","main d27f06ca, 10k, rich, maximized on a disconnected-session display client 1872x873"
"2026-09-25 16:21","s7-main-rich-long","1","S7-t4","142.7","97.7","175.9","143.6","18","513","6","124.3","73","82.4","main d27f06ca, 10k, rich, maximized on a disconnected-session display client 1872x873"
"2026-09-25 16:22","s7-main-rich-long","1","S7-t5","143.2","98.2","176.1","144.2","17","509","6","124.9","73.2","84.6","main d27f06ca, 10k, rich, maximized on a disconnected-session display client 1872x873"
"2026-09-25 16:23","s7-main-rich-long","1","S7-t6","144.3","99.3","176.9","145.2","17","509","6","125.3","73.6","82.9","main d27f06ca, 10k, rich, maximized on a disconnected-session display client 1872x873"
"2026-09-25 16:24","s7-main-rich-long","1","S7-t7","147.7","102.7","180.2","148.6","17","509","6","125.2","73.6","80.8","main d27f06ca, 10k, rich, maximized on a disconnected-session display client 1872x873"
"2026-09-25 16:25","s7-main-rich-long","1","S7-t8","147.6","102.6","180.1","149.2","18","511","6","125.6","73.9","81.1","main d27f06ca, 10k, rich, maximized on a disconnected-session display client 1872x873"
"2026-09-25 16:26","s7-main-rich-long","1","S7-t9","148.6","103.5","180.9","149.9","19","513","9","125.4","73.7","83.1","main d27f06ca, 10k, rich, maximized on a disconnected-session display client 1872x873"
"2026-09-25 16:27","s7-main-rich-long","1","S7-t10","149.3","104.2","181.7","150","19","513","6","125.6","73.9","85.2","main d27f06ca, 10k, rich, maximized on a disconnected-session display client 1872x873"
"2026-09-25 16:28","s7-main-rich-long","1","S7-t11","149.3","104.2","181.5","150.3","17","507","6","125.2","73.5","81.1","main d27f06ca, 10k, rich, maximized on a disconnected-session display client 1872x873"
"2026-09-25 16:29","s7-main-rich-long","1","S7-t12","150.5","105.4","182.7","151.6","17","507","6","125.5","73.8","81.2","main d27f06ca, 10k, rich, maximized on a disconnected-session display client 1872x873"
"2026-09-25 16:30","s7-main-rich-long","1","S7-t13","151.1","105.9","183.2","152.3","17","507","6","125.7","74.1","81.3","main d27f06ca, 10k, rich, maximized on a disconnected-session display client 1872x873"
"2026-09-25 16:31","s7-main-rich-long","1","S7-t14","151.9","106.7","184.7","152.8","17","507","6","126","74.4","81.5","main d27f06ca, 10k, rich, maximized on a disconnected-session display client 1872x873"
"2026-09-25 16:32","s7-main-rich-long","1","S7-t15","151.9","106.7","184.7","153.3","17","507","6","125.6","73.9","81.2","main d27f06ca, 10k, rich, maximized on a disconnected-session display client 1872x873"
"2026-09-25 16:33","s7-main-rich-long","1","S7-t16","151.8","106.6","184.6","153.7","18","509","6","125.8","74.2","81.8","main d27f06ca, 10k, rich, maximized on a disconnected-session display client 1872x873"
"2026-09-25 16:34","s7-main-rich-long","1","S7-t17","152.5","107.3","185.4","154","18","512","6","125.4","73.8","81.8","main d27f06ca, 10k, rich, maximized on a disconnected-session display client 1872x873"
"2026-09-25 16:35","s7-main-rich-long","1","S7-t18","153.3","108.1","186.1","154","18","509","6","125.9","74.2","81.8","main d27f06ca, 10k, rich, maximized on a disconnected-session display client 1872x873"
"2026-09-25 16:36","s7-main-rich-long","1","S7-t19","153.3","108.1","186","154.3","18","509","6","126","74.4","81.8","main d27f06ca, 10k, rich, maximized on a disconnected-session display client 1872x873"
"2026-09-25 16:37","s7-main-rich-long","1","S7-t20","153.8","108.6","186.5","154.6","18","509","6","126.1","74.4","81.8","main d27f06ca, 10k, rich, maximized on a disconnected-session display client 1872x873"
"2026-09-25 16:38","s7-main-rich-long","1","S7-t21","154.1","108.9","186.8","155.3","18","507","6","125.9","74.2","81.8","main d27f06ca, 10k, rich, maximized on a disconnected-session display client 1872x873"
"2026-09-25 16:39","s7-main-rich-long","1","S7-t22","154.6","109.4","187.1","155.3","18","507","6","125.8","74.2","81.8","main d27f06ca, 10k, rich, maximized on a disconnected-session display client 1872x873"
"2026-09-25 16:40","s7-main-rich-long","1","S7-t23","155.2","110.1","187.6","156.2","17","503","6","126","74.4","81.8","main d27f06ca, 10k, rich, maximized on a disconnected-session display client 1872x873"
"2026-09-25 16:41","s7-main-rich-long","1","S7-t24","156.5","111.3","188.9","158.2","18","505","6","126.2","74.5","81.8","main d27f06ca, 10k, rich, maximized on a disconnected-session display client 1872x873"
"2026-09-25 16:42","s7-main-rich-long","1","S7-t25","158.1","112.9","190.4","159.5","17","503","6","126.3","74.6","81.8","main d27f06ca, 10k, rich, maximized on a disconnected-session display client 1872x873"
"2026-09-25 16:43","s7-main-rich-long","1","S7-t26","158","112.9","190.3","159.5","17","503","6","125.8","74.2","81.3","main d27f06ca, 10k, rich, maximized on a disconnected-session display client 1872x873"
"2026-09-25 16:44","s7-main-rich-long","1","S7-t27","156.8","111.6","189","159.5","17","503","6","126","74.3","81.8","main d27f06ca, 10k, rich, maximized on a disconnected-session display client 1872x873"
"2026-09-25 16:45","s7-main-rich-long","1","S7-t28","156.9","111.7","190.9","159.5","17","503","6","126.1","74.4","81.8","main d27f06ca, 10k, rich, maximized on a disconnected-session display client 1872x873"
"2026-09-25 16:46","s7-main-rich-long","1","S7-t29","157.4","112.2","191.4","159.5","18","505","6","125.9","74.3","81.9","main d27f06ca, 10k, rich, maximized on a disconnected-session display client 1872x873"
"2026-09-25 16:47","s7-main-rich-long","1","S7-t30","157.7","112.5","191.7","159.5","18","505","6","126.3","74.7","81.9","main d27f06ca, 10k, rich, maximized on a disconnected-session display client 1872x873"
"2026-09-25 16:48","s7-main-rich-long","1","S7-t31","158.1","112.9","192","159.5","18","505","6","126.1","74.4","81.9","main d27f06ca, 10k, rich, maximized on a disconnected-session display client 1872x873"
"2026-09-25 16:49","s7-main-rich-long","1","S7-t32","158.3","113.1","192.1","159.5","18","505","6","125.7","74","81.9","main d27f06ca, 10k, rich, maximized on a disconnected-session display client 1872x873"
"2026-09-25 16:50","s7-main-rich-long","1","S7-t33","158.9","113.7","192.6","159.6","17","503","6","126","74.4","81.9","main d27f06ca, 10k, rich, maximized on a disconnected-session display client 1872x873"
"2026-09-25 16:51","s7-main-rich-long","1","S7-t34","159.3","114.1","193","160.3","17","503","6","126.1","74.5","82","main d27f06ca, 10k, rich, maximized on a disconnected-session display client 1872x873"
"2026-09-25 16:52","s7-main-rich-long","1","S7-t35","160","114.8","193.6","160.6","17","503","6","126","74.3","81.9","main d27f06ca, 10k, rich, maximized on a disconnected-session display client 1872x873"
"2026-09-25 16:53","s7-main-rich-long","1","S7-t36","160.3","115.1","193.8","160.8","17","503","6","126.2","74.5","82","main d27f06ca, 10k, rich, maximized on a disconnected-session display client 1872x873"
"2026-09-25 16:54","s7-main-rich-long","1","S7-t37","160.7","115.5","194.1","161.4","18","505","6","126.4","74.7","82","main d27f06ca, 10k, rich, maximized on a disconnected-session display client 1872x873"
"2026-09-25 16:55","s7-main-rich-long","1","S7-t38","160.3","115.1","193.7","161.4","18","505","6","126","74.4","81.5","main d27f06ca, 10k, rich, maximized on a disconnected-session display client 1872x873"
"2026-09-25 16:56","s7-main-rich-long","1","S7-t39","160.7","115.5","194","161.8","18","505","6","126","74.3","81.5","main d27f06ca, 10k, rich, maximized on a disconnected-session display client 1872x873"
"2026-09-25 16:57","s7-main-rich-long","1","S7-t40","161.1","115.9","194.4","161.8","18","505","4","37.2","7.3","11.9","main d27f06ca, 10k, rich, maximized on a disconnected-session display client 1872x873"
"2026-09-25 16:57","s7-main-rich-long","1","S7-end","160.9","115.7","194.1","161.8","17","503","4","37.2","7.3","11.9","main d27f06ca, 10k, rich, maximized on a disconnected-session display client 1872x873"
