"date","label","run","scenario","ws","privws","commit","peakws","threads","handles","children","tree_ws","tree_privws","tree_commit","note","live_mb","live_count"
"2026-09-25 17:33","p4-osc8","1","S1","93.5","49.2","110.3","100.1","17","463","2","18.1","3.5","5.5","","7.1","5545"
"2026-09-25 17:34","p4-osc8","1","S7-t1","101.5","56.1","137.9","106.3","19","485","6","118.3","67.1","76.1","client 1920x1032","13.1","27580"
"2026-09-25 17:35","p4-osc8","1","S7-t2","103.3","57.9","139.8","106.3","18","483","6","118.9","67.7","76.7","client 1920x1032","14.2","43636"
"2026-09-25 17:36","p4-osc8","1","S7-t3","105","59.6","141.6","106.3","18","483","6","119.6","68.4","77.3","client 1920x1032","15.4","58931"
"2026-09-25 17:37","p4-osc8","1","S7-t4","106.5","60.9","142.9","107.2","18","483","6","120.2","68.9","77.9","client 1920x1032","16.5","74298"
"2026-09-25 17:38","p4-osc8","1","S7-t5","107.4","61.8","144.4","108.6","18","483","5","81","40.2","50.9","client 1920x1032","18.4","88253"
"2026-09-25 17:39","p4-osc8","1","S7-end","107.9","62.3","144.9","108.8","18","487","4","40.4","10.5","19.1","client 1920x1032","18.4","88336"
"2026-09-25 17:40","s9-main-probe","1","S1","93.4","49.2","110.4","99.6","17","461","2","18.1","3.5","5.5","","7.1","5563"
"2026-09-25 17:41","s9-main-probe","1","S7-t1","142","96","179.2","143.3","19","503","6","123.5","72.2","79.9","client 1920x1032","40.6","38225"
"2026-09-25 17:42","s9-main-probe","1","S7-t2","143.5","97.5","181.1","144.4","18","501","6","123.9","72.6","80","client 1920x1032","42.1","44307"
"2026-09-25 17:43","s9-main-probe","1","S7-t3","146","100","183.8","147.3","18","501","6","123.7","72.4","80.1","client 1920x1032","44.2","49909"
"2026-09-25 17:44","s9-main-probe","1","S7-t4","147.1","100.9","184.9","147.9","18","501","6","124.4","73.1","80.6","client 1920x1032","45.3","55740"
"2026-09-25 17:45","s9-main-probe","1","S7-t5","147.8","101.4","185.1","149.7","18","501","6","125.3","73.5","84.9","client 1920x1032","45.8","61910"
"2026-09-25 17:46","s9-main-probe","1","S7-t6","150.8","104.4","187.8","152","18","501","6","125.4","73.6","83","client 1920x1032","48.5","66710"
"2026-09-25 17:47","s9-main-probe","1","S7-t7","151.3","104.9","188.6","152.5","18","501","6","125","73.1","81","client 1920x1032","49.1","71510"
"2026-09-25 17:48","s9-main-probe","1","S7-t8","154.2","105.5","189.3","163","21","527","6","125.7","73.9","81.6","client 1920x1032","49.5","76590"
"2026-09-25 17:49","s9-main-probe","1","S7-t9","154.5","105.9","189.5","163","19","527","6","125.9","74.1","81.6","client 1920x1032","49.6","78998"
"2026-09-25 17:50","s9-main-probe","1","S7-t10","154.5","105.9","189.6","163","20","529","6","125.9","74.1","84.7","client 1920x1032","49.7","86145"
"2026-09-25 17:51","s9-main-probe","1","S7-t11","154.7","106.1","189.6","163","18","523","6","126","74.1","81.6","client 1920x1032","49.8","90939"
"2026-09-25 17:52","s9-main-probe","1","S7-t12","155.5","106.9","190.4","163","18","523","6","126.1","74.2","81.6","client 1920x1032","49.8","93345"
"2026-09-25 17:53","s9-main-probe","1","S7-t13","156.3","107.7","191.1","163","18","523","6","126","74.1","81.6","client 1920x1032","51.1","100539"
"2026-09-25 17:54","s9-main-probe","1","S7-t14","156.7","108.1","192.3","163","18","523","6","125.7","73.9","81.6","client 1920x1032","52.2","105339"
"2026-09-25 17:55","s9-main-probe","1","S7-t15","156.9","108.4","192.5","163","18","523","6","125.2","73.3","80.9","client 1920x1032","52.3","110139"
"2026-09-25 17:56","s9-main-probe","1","S7-t16","157","108.6","192.7","163","18","523","6","126.1","74.3","81.7","client 1920x1032","52.4","114939"
"2026-09-25 17:57","s9-main-probe","1","S7-t17","157.3","108.8","192.8","163","18","523","6","126.2","74.4","81.7","client 1920x1032","52.5","117345"
"2026-09-25 17:58","s9-main-probe","1","S7-t18","157.4","109","193","163","18","523","6","126.3","74.5","81.7","client 1920x1032","52.6","124539"
"2026-09-25 17:59","s9-main-probe","1","S7-t19","157.6","109.1","193.2","163","19","525","6","126.3","74.5","81.7","client 1920x1032","52.7","126953"
"2026-09-25 18:00","s9-main-probe","1","S7-t20","157.8","109.3","193.3","163","19","525","6","126.4","74.6","81.7","client 1920x1032","52.8","134142"
"2026-09-25 18:01","s9-main-probe","1","S7-t21","158.1","109.6","193.5","163","18","523","6","126.4","74.6","81.7","client 1920x1032","52.9","138939"
"2026-09-25 18:02","s9-main-probe","1","S7-t22","158.4","109.9","193.6","163","18","523","6","126.4","74.6","81.7","client 1920x1032","53","141339"
"2026-09-25 18:03","s9-main-probe","1","S7-t23","158.4","109.9","193.6","163","18","523","6","126.5","74.6","81.8","client 1920x1032","53.1","146145"
"2026-09-25 18:04","s9-main-probe","1","S7-t24","159.8","111.3","195","163","18","523","6","125.5","73.6","81.8","client 1920x1032","54.4","153339"
"2026-09-25 18:05","s9-main-probe","1","S7-t25","161.2","112.7","196.2","163","18","523","6","125.8","74","81.8","client 1920x1032","55.6","158139"
"2026-09-25 18:06","s9-main-probe","1","S7-t26","161.8","113.3","196.8","163","18","523","6","125.9","74","81.8","client 1920x1032","56","162939"
"2026-09-25 18:07","s9-main-probe","1","S7-t27","161.9","113.5","196.9","163","18","523","6","126.2","74.3","81.9","client 1920x1032","56.1","165345"
"2026-09-25 18:08","s9-main-probe","1","S7-t28","162.6","114.1","199.3","163.3","19","525","6","125.4","73.6","81","client 1920x1032","57.1","169346"
"2026-09-25 18:09","s9-main-probe","1","S7-t29","162.6","114.2","199.5","163.4","19","525","6","126.2","74.3","81.9","client 1920x1032","58.6","177342"
"2026-09-25 18:10","s9-main-probe","1","S7-t30","162.9","114.4","199.6","163.6","19","525","6","125.7","73.8","81.1","client 1920x1032","58.7","182142"
"2026-09-25 18:11","s9-main-probe","1","S7-t31","163","114.5","199.7","163.7","18","523","6","126.4","74.5","81.9","client 1920x1032","58.8","186939"
"2026-09-25 18:12","s9-main-probe","1","S7-t32","163.3","114.8","200.1","163.9","18","523","6","126.1","74.2","81.9","client 1920x1032","58.8","191182"
"2026-09-25 18:13","s9-main-probe","1","S7-t33","163.3","114.8","200","164.2","19","525","6","126.1","74.2","81.8","client 1920x1032","58.9","195740"
"2026-09-25 18:14","s9-main-probe","1","S7-t34","163.6","115.1","200.1","164.5","19","525","6","126.4","74.6","82","client 1920x1032","59","200542"
"2026-09-25 18:15","s9-main-probe","1","S7-t35","163.9","115.4","200.4","164.5","19","525","6","125.6","73.8","81.3","client 1920x1032","59.1","202948"
"2026-09-25 18:16","s9-main-probe","1","S7-t36","164","115.5","200.4","164.7","18","523","6","126","74.1","81.6","client 1920x1032","59.2","207748"
"2026-09-25 18:17","s9-main-probe","1","S7-t37","127.8","79.3","200.5","165.2","18","523","6","80","28.1","82","client 1920x1032","59.3","214939"
"2026-09-25 18:18","s9-main-probe","1","S7-t38","128","79.5","200.7","165.2","19","525","6","80","28.2","82","client 1920x1032","59.4","219740"
"2026-09-25 18:19","s9-main-probe","1","S7-t39","128.3","79.8","200.9","165.2","19","525","6","80.3","28.4","82","client 1920x1032","59.5","222148"
"2026-09-25 18:20","s9-main-probe","1","S7-t40","128.8","80.3","201.3","165.2","19","523","6","80.3","28.5","82","client 1920x1032","59.6","226946"
"2026-09-25 18:21","s9-main-probe","1","S7-t41","128.8","80.3","201.3","165.2","19","523","7","80.6","28.8","82","client 1920x1032","59.7","234142"
"2026-09-25 18:22","s9-main-probe","1","S7-t42","112.9","64.3","201.3","165.2","19","521","6","71.8","19.9","82","client 1920x1032","59.8","236539"
"2026-09-25 18:23","s9-main-probe","1","S7-t43","113.1","64.6","201.5","165.2","19","521","6","71.2","19.4","81.4","client 1920x1032","59.9","243742"
"2026-09-25 18:24","s9-main-probe","1","S7-t44","113.2","64.7","201.6","165.2","19","521","6","72","20.1","82","client 1920x1032","60","246148"
"2026-09-25 18:25","s9-main-probe","1","S7-t45","113.7","65.2","202","165.2","19","521","6","71.7","19.9","82","client 1920x1032","60.1","253342"
"2026-09-25 18:26","s9-main-probe","1","S7-t46","113.7","65.1","201.8","165.2","18","519","6","72.2","20.4","82","client 1920x1032","60.2","258139"
"2026-09-25 18:27","s9-main-probe","1","S7-t47","104.2","55.7","202","165.2","18","519","6","70.3","18.4","81","client 1920x1032","60.3","260545"
"2026-09-25 18:28","s9-main-probe","1","S7-t48","104.4","55.9","202.1","165.2","18","519","6","70","18.2","82","client 1920x1032","60.4","265345"
"2026-09-25 18:29","s9-main-probe","1","S7-t49","109.3","60.8","207.1","165.2","19","521","6","70.3","18.5","82","client 1920x1032","65.1","270146"
"2026-09-25 18:30","s9-main-probe","1","S7-t50","109.6","61","207.2","165.2","19","521","6","70.3","18.4","82","client 1920x1032","65.3","277342"
"2026-09-25 18:31","s9-main-probe","1","S7-t51","110","61.4","207.4","165.2","18","519","9","70.7","18.9","82","client 1920x1032","65.4","282139"
"2026-09-25 18:32","s9-main-probe","1","S7-t52","110.3","61.7","207.7","165.2","19","521","6","70.8","19","82","client 1920x1032","65.4","284545"
"2026-09-25 18:33","s9-main-probe","1","S7-t53","110.5","62","207.8","165.2","19","521","6","70.9","19","82","client 1920x1032","65.6","291742"
"2026-09-25 18:34","s9-main-probe","1","S7-t54","110.4","61.8","207.7","165.2","18","519","6","70.6","18.7","81.9","client 1920x1032","65.7","295739"
"2026-09-25 18:35","s9-main-probe","1","S7-t55","110.6","62.1","209.8","165.2","18","519","6","71","19.2","82","client 1920x1032","67.8","300539"
"2026-09-25 18:36","s9-main-probe","1","S7-t56","111","62.4","212","165.2","18","519","8","71.1","19.2","82","client 1920x1032","69.8","303745"
"2026-09-25 18:37","s9-main-probe","1","S7-t57","111.2","62.6","212.2","165.2","18","519","6","71.1","19.3","82","client 1920x1032","70","310139"
"2026-09-25 18:38","s9-main-probe","1","S7-t58","111.4","62.9","212.4","165.2","18","519","6","70.9","19.1","82","client 1920x1032","70.1","314939"
"2026-09-25 18:39","s9-main-probe","1","S7-t59","111.5","63","212.4","165.2","18","519","6","71.1","19.2","82","client 1920x1032","70.1","317339"
"2026-09-25 18:40","s9-main-probe","1","S7-t60","111.7","63.2","212.5","165.2","18","519","6","71","19.1","82","client 1920x1032","70.2","322145"
"2026-09-25 18:41","s9-main-probe","1","S7-t61","112.1","63.6","212.8","165.2","18","520","6","71.1","19.3","82","client 1920x1032","70.4","329339"
"2026-09-25 18:42","s9-main-probe","1","S7-t62","112.2","63.7","212.9","165.2","18","519","6","71.2","19.3","82","client 1920x1032","70.5","334139"
"2026-09-25 18:43","s9-main-probe","1","S7-t63","112.3","63.8","213","165.2","17","517","6","71.2","19.4","82","client 1920x1032","70.6","338936"
"2026-09-25 18:44","s9-main-probe","1","S7-t64","112.7","64.2","213.2","165.2","18","519","6","70.8","18.9","82","client 1920x1032","70.7","343737"
"2026-09-25 18:45","s9-main-probe","1","S7-t65","112.9","64.3","213.3","165.2","18","519","6","71","19.1","82","client 1920x1032","70.8","348539"
"2026-09-25 18:46","s9-main-probe","1","S7-t66","113.2","64.6","213.5","165.2","18","519","6","71","19.2","82","client 1920x1032","70.9","353339"
"2026-09-25 18:47","s9-main-probe","1","S7-t67","113.4","64.9","213.7","165.2","19","521","6","71.1","19.3","82","client 1920x1032","70.9","355745"
"2026-09-25 18:48","s9-main-probe","1","S7-t68","113.5","65","213.8","165.2","19","521","6","70.8","18.9","82","client 1920x1032","71.1","362942"
"2026-09-25 18:49","s9-main-probe","1","S7-t69","113.9","65.4","213.9","165.2","19","521","6","71","19.2","82","client 1920x1032","71.2","367742"
"2026-09-25 18:50","s9-main-probe","1","S7-t70","114.1","65.6","214.1","165.2","19","521","6","71.1","19.2","82","client 1920x1032","71.3","372542"
"2026-09-25 18:51","s9-main-probe","1","S7-t71","114.3","65.8","214.3","165.2","19","521","6","70.4","18.5","82","client 1920x1032","71.4","377340"
"2026-09-25 18:52","s9-main-probe","1","S7-t72","114.7","66.2","214.6","165.2","19","521","6","70.6","18.8","82","client 1920x1032","71.4","379748"
"2026-09-25 18:53","s9-main-probe","1","S7-t73","114.7","66.1","214.5","165.2","19","521","6","71.1","19.2","82","client 1920x1032","71.6","386942"
"2026-09-25 18:54","s9-main-probe","1","S7-t74","114.9","66.4","214.7","165.2","18","519","6","71.1","19.2","82","client 1920x1032","71.7","391739"
"2026-09-25 18:55","s9-main-probe","1","S7-t75","115.4","66.8","215","165.2","18","519","6","70.7","18.8","82","client 1920x1032","71.8","396539"
"2026-09-25 18:56","s9-main-probe","1","S7-t76","115.6","67","215.2","165.2","18","519","6","70.9","19","82","client 1920x1032","71.8","398945"
"2026-09-25 18:57","s9-main-probe","1","S7-t77","115.6","67","215.1","165.2","18","519","6","70.9","19.1","82","client 1920x1032","71.9","403745"
"2026-09-25 18:58","s9-main-probe","1","S7-t78","115.8","67.3","215.2","165.2","18","519","6","71.1","19.3","82","client 1920x1032","72","408539"
"2026-09-25 18:59","s9-main-probe","1","S7-t79","116.1","67.5","215.4","165.2","18","519","6","71","19.2","82","client 1920x1032","72.2","415739"
"2026-09-25 19:00","s9-main-probe","1","S7-t80","116.5","68","215.8","165.2","18","519","6","71.3","19.4","82.1","client 1920x1032","72.3","420539"
"2026-09-25 19:01","s9-main-probe","1","S7-t81","116.6","68","215.8","165.2","19","521","6","71.5","19.6","82.1","client 1920x1032","72.4","425342"
"2026-09-25 19:02","s9-main-probe","1","S7-t82","117.3","68.7","216.5","165.2","19","521","6","71.1","19.2","81.5","client 1920x1032","72.5","430142"
"2026-09-25 19:03","s9-main-probe","1","S7-t83","117","68.4","216","165.2","18","519","6","71.3","19.4","82","client 1920x1032","72.5","431748"
"2026-09-25 19:04","s9-main-probe","1","S7-t84","117.2","68.6","216.1","165.2","18","519","6","71.4","19.5","82","client 1920x1032","72.6","436545"
"2026-09-25 19:05","s9-main-probe","1","S7-t85","117.5","68.9","216.5","165.2","18","519","6","71.3","19.5","82","client 1920x1032","72.8","443739"
"2026-09-25 19:06","s9-main-probe","1","S7-t86","117.6","69.1","216.5","165.2","19","524","6","71.3","19.4","82","client 1920x1032","72.9","448540"
"2026-09-25 19:07","s9-main-probe","1","S7-t87","117.9","69.3","216.7","165.2","19","521","6","71.5","19.7","82.2","client 1920x1032","73","453342"
"2026-09-25 19:08","s9-main-probe","1","S7-t88","118.3","69.7","217","165.2","19","521","6","70.6","18.8","81.6","client 1920x1032","73","455745"
"2026-09-25 19:09","s9-main-probe","1","S7-t89","118.3","69.7","216.9","165.2","19","521","6","71.1","19.2","82.2","client 1920x1032","73.1","460548"
"2026-09-25 19:10","s9-main-probe","1","S7-t90","118.7","70.2","217.3","165.2","19","521","6","70.4","18.5","80.9","client 1920x1032","73.2","465348"
"2026-09-25 19:11","s9-main-probe","1","S7-t91","119","70.4","217.5","165.2","19","521","6","71.3","19.4","82.2","client 1920x1032","73.4","472540"
"2026-09-25 19:12","s9-main-probe","1","S7-t92","119.1","70.5","217.4","165.2","19","521","6","70.6","18.7","81.8","client 1920x1032","73.5","477342"
"2026-09-25 19:13","s9-main-probe","1","S7-t93","119.3","70.7","217.6","165.2","18","519","6","71.1","19.2","82.2","client 1920x1032","73.6","482139"
"2026-09-25 19:14","s9-main-probe","1","S7-t94","119.5","71","217.7","165.2","18","519","6","70.6","18.7","81.4","client 1920x1032","73.6","484545"
"2026-09-25 19:15","s9-main-probe","1","S7-t95","119.8","71.2","218","165.2","18","519","6","71.4","19.5","82.2","client 1920x1032","73.7","489345"
"2026-09-25 19:16","s9-main-probe","1","S7-t96","119.9","71.3","218.1","165.2","18","519","6","71.4","19.5","82.2","client 1920x1032","73.9","496539"
"2026-09-25 19:17","s9-main-probe","1","S7-t97","129.5","80.9","227.5","165.2","18","519","6","71.6","19.7","82.2","client 1920x1032","83.2","501339"
"2026-09-25 19:18","s9-main-probe","1","S7-t98","129.7","81.1","227.6","165.2","18","519","6","71.7","19.8","82.2","client 1920x1032","83.3","506139"
"2026-09-25 19:19","s9-main-probe","1","S7-t99","130","81.4","227.9","165.2","18","519","6","71.8","19.9","82.1","client 1920x1032","83.4","508545"
"2026-09-25 19:20","s9-main-probe","1","S7-t100","130","81.4","227.8","165.2","18","519","6","71.8","19.9","82.1","client 1920x1032","83.5","513345"
"2026-09-25 19:21","s9-main-probe","1","S7-t101","130.2","81.6","228","165.2","18","519","6","71.3","19.5","82.1","client 1920x1032","83.6","518145"
"2026-09-25 19:22","s9-main-probe","1","S7-t102","130.5","81.9","228.1","165.2","18","519","6","71.6","19.7","82.1","client 1920x1032","83.7","524539"
"2026-09-25 19:23","s9-main-probe","1","S7-t103","130.7","82.2","228.3","165.2","19","521","6","70.9","19.1","82.1","client 1920x1032","83.8","529342"
"2026-09-25 19:24","s9-main-probe","1","S7-t104","131.1","82.5","228.6","165.2","18","519","6","71.3","19.5","82.2","client 1920x1032","83.8","531748"
"2026-09-25 19:25","s9-main-probe","1","S7-t105","131.1","82.5","228.5","165.2","18","519","6","71.5","19.6","82.2","client 1920x1032","83.9","536545"
"2026-09-25 19:26","s9-main-probe","1","S7-t106","131.4","82.8","228.7","165.2","18","519","6","71.6","19.7","82.2","client 1920x1032","84","541342"
"2026-09-25 19:27","s9-main-probe","1","S7-t107","131.5","82.9","228.8","165.2","18","519","6","71.6","19.7","82.2","client 1920x1032","84.2","548539"
"2026-09-25 19:28","s9-main-probe","1","S7-t108","131.8","83.2","229","165.2","18","522","6","71.7","19.9","82.2","client 1920x1032","84.3","553339"
"2026-09-25 19:29","s9-main-probe","1","S7-t109","132.2","83.6","229.4","165.2","18","519","6","71.5","19.6","82.2","client 1920x1032","84.3","555745"
"2026-09-25 19:30","s9-main-probe","1","S7-t110","132.4","83.8","229.5","165.2","18","519","6","71.8","20","82.2","client 1920x1032","84.5","560545"
"2026-09-25 19:31","s9-main-probe","1","S7-t111","132.2","83.6","229.4","165.2","19","521","6","71.9","20","82.2","client 1920x1032","84.5","563239"
"2026-09-25 19:32","s9-main-probe","1","S7-t112","132.1","83.6","229.3","165.2","19","521","6","71.9","20.1","82.2","client 1920x1032","84.5","563220"
"2026-09-25 19:33","s9-main-probe","1","S7-t113","132.4","83.8","229.6","165.2","19","521","6","72","20.1","82.2","client 1920x1032","84.5","563220"
"2026-09-25 19:34","s9-main-probe","1","S7-t114","132.2","83.6","229.4","165.2","19","521","6","72","20.1","82.2","client 1920x1032","84.5","563226"
"2026-09-25 19:35","s9-main-probe","1","S7-t115","132.2","83.6","229.4","165.2","19","521","6","71","19.1","82.2","client 1920x1032","84.5","563228"
"2026-09-25 19:36","s9-main-probe","1","S7-t116","132.2","83.6","229.3","165.2","19","521","7","71.2","19.4","82.2","client 1920x1032","84.5","563236"
"2026-09-25 19:37","s9-main-probe","1","S7-t117","132.2","83.6","229.4","165.2","19","521","6","71.7","19.8","82.2","client 1920x1032","84.5","563222"
"2026-09-25 19:38","s9-main-probe","1","S7-t118","132.3","83.7","229.5","165.2","19","521","6","71.9","20","82.2","client 1920x1032","84.5","563225"
"2026-09-25 19:39","s9-main-probe","1","S7-t119","132.2","83.6","229.4","165.2","19","521","6","71.4","19.5","82.2","client 1920x1032","84.5","563222"
"2026-09-25 19:40","s9-main-probe","1","S7-t120","132.5","83.9","229.6","165.2","18","519","5","32.4","2.4","11.9","client 1920x1032","84.4","563157"
"2026-09-25 19:41","s9-main-probe","1","S7-end","132.2","83.6","229.3","165.2","18","519","4","32.4","2.4","11.9","client 1920x1032","84.4","563157"
"2026-09-25 19:47","s9-bt-b0","1","S1","131.2","49.4","110.4","132","17","458","2","18.1","3.5","5.5","","7.1","5584"
"2026-09-25 19:47","s9-bt-b4","1","S1","131.2","49.5","110.6","139.2","17","458","2","18.2","3.5","5.6","","7.2","5589"
"2026-09-25 19:48","s9-bt-b0","1","S7-t1","187.9","97.3","180.3","188.5","19","505","6","123.3","72","79.4","client 1920x1032","40.6","39124"
"2026-09-25 19:48","s9-bt-b4","1","S7-t1","178.6","95.9","179.1","179.6","20","500","6","123.2","71.9","79.2","client 1920x1032","39.7","35340"
"2026-09-25 19:49","s9-bt-b0","1","S7-t2","189.6","98.9","182.2","190.5","18","503","6","123.8","72.5","79.7","client 1920x1032","41.5","42272"
"2026-09-25 19:49","s9-bt-b4","1","S7-t2","181.1","98.4","181.9","181.9","19","498","6","123.5","72.2","79.2","client 1920x1032","41.8","42069"
"2026-09-25 19:50","s9-bt-b0","1","S7-t3","190.8","100.2","183.3","192.5","18","503","6","123.9","72.6","79.7","client 1920x1032","42.3","47870"
"2026-09-25 19:50","s9-bt-b4","1","S7-t3","182.6","100","183.2","183.9","18","496","6","123.7","72.4","79.4","client 1920x1032","42.5","47753"
"2026-09-25 19:51","s9-bt-b0","1","S7-t4","337.4","245.6","331.3","340.1","18","507","6","124.2","72.8","79.9","client 1920x1032","45","52664"
"2026-09-25 19:51","s9-bt-b4","1","S7-t4","330.5","246.7","332.9","334.6","18","500","6","124.1","72.7","79.8","client 1920x1032","45","52562"
"2026-09-25 19:52","s9-bt-b0","1","S7-t5","337.9","245.9","331.4","340.1","18","507","6","125.2","73.4","84.6","client 1920x1032","47.1","66658"
"2026-09-25 19:52","s9-bt-b4","1","S7-t5","332","247.9","333.9","334.6","19","502","6","124.8","73","84.1","client 1920x1032","47.3","69902"
"2026-09-25 19:53","s9-bt-b0","1","S7-t6","340.7","248.7","334.2","341.7","18","509","6","125.3","73.5","82.7","client 1920x1032","47.4","72417"
"2026-09-25 19:53","s9-bt-b4","1","S7-t6","334.9","250.8","336.6","335.5","19","502","6","124.5","72.7","82.1","client 1920x1032","47.6","75503"
"2026-09-25 19:54","s9-bt-b0","1","S7-t7","341.7","249.6","335.1","342.5","18","509","6","125.6","73.7","80.8","client 1920x1032","50.5","77986"
"2026-09-25 19:54","s9-bt-b4","1","S7-t7","335.7","251.6","337.4","336.6","18","500","6","124.5","72.6","80.1","client 1920x1032","50.3","78648"
"2026-09-25 19:55","s9-bt-b0","1","S7-t8","341.8","249.8","335.4","342.9","19","511","6","125.2","73.4","80.8","client 1920x1032","51.2","83563"
"2026-09-25 19:55","s9-bt-b4","1","S7-t8","336.1","251.9","337.9","337","18","500","6","125","73.1","80.4","client 1920x1032","51","84225"
"2026-09-25 19:56","s9-bt-b0","1","S7-t9","345.3","253.3","338.8","346.1","20","511","6","125.6","73.8","80.9","client 1920x1032","51.4","89136"
"2026-09-25 19:56","s9-bt-b4","1","S7-t9","336.6","252.5","338.3","337.4","18","500","6","125.1","73.3","80.4","client 1920x1032","51.2","89810"
"2026-09-25 19:57","s9-bt-b0","1","S7-t10","345.2","253.2","338.6","346.1","20","513","6","125.9","74.1","85.2","client 1920x1032","51.9","97299"
"2026-09-25 19:57","s9-bt-b4","1","S7-t10","336.9","252.8","338.7","337.7","19","502","6","125.3","73.5","84.6","client 1920x1032","51.8","98242"
"2026-09-25 19:58","s9-bt-b0","1","S7-t11","345.5","253.4","338.7","346.6","18","507","6","125.8","74","81","client 1920x1032","52.1","103017"
"2026-09-25 19:58","s9-bt-b4","1","S7-t11","337.3","253.1","338.9","338.2","19","500","6","125.4","73.6","80.7","client 1920x1032","52","103805"
"2026-09-25 19:59","s9-bt-b0","1","S7-t12","346.2","254.1","339.4","347.3","19","507","6","125.4","73.6","81","client 1920x1032","52.3","108576"
"2026-09-25 19:59","s9-bt-b4","1","S7-t12","338.1","254","339.7","339.3","19","500","6","125.6","73.8","80.8","client 1920x1032","52.2","109354"
"2026-09-25 20:00","s9-bt-b0","1","S7-t13","346.9","254.9","340.2","348.1","19","509","6","125.2","73.3","81","client 1920x1032","53.7","114151"
"2026-09-25 20:00","s9-bt-b4","1","S7-t13","338.7","254.6","340.3","339.8","19","500","6","125.7","73.8","80.8","client 1920x1032","53.5","114465"
"2026-09-25 20:01","s9-bt-b0","1","S7-t14","348.4","256.3","342.3","349","18","507","6","125.6","73.8","81","client 1920x1032","53.9","119742"
"2026-09-25 20:01","s9-bt-b4","1","S7-t14","339.4","255.3","341.8","340.3","19","500","6","125.7","73.9","80.8","client 1920x1032","53.6","120034"
"2026-09-25 20:02","s9-bt-b0","1","S7-t15","348.8","256.7","342.6","349.7","18","510","6","125.8","73.9","81","client 1920x1032","55.4","127890"
"2026-09-25 20:02","s9-bt-b4","1","S7-t15","339.8","255.6","342.1","340.7","18","501","6","125.7","73.9","80.8","client 1920x1032","54.8","125689"
"2026-09-25 20:03","s9-bt-b0","1","S7-t16","349.1","257","342.9","350.1","18","507","6","126","74.2","81.2","client 1920x1032","55.6","133598"
"2026-09-25 20:03","s9-bt-b4","1","S7-t16","339.9","255.7","342.2","340.8","19","500","6","125.7","73.9","80.8","client 1920x1032","55","131256"
"2026-09-25 20:04","s9-bt-b0","1","S7-t17","349.4","257.3","343.1","350.6","18","507","6","126.1","74.3","81.2","client 1920x1032","55.8","139165"
"2026-09-25 20:04","s9-bt-b4","1","S7-t17","340.2","256.1","342.4","341","18","498","6","125.5","73.7","80.9","client 1920x1032","55.2","136827"
"2026-09-25 20:05","s9-bt-b0","1","S7-t18","349.8","257.7","343.4","350.9","18","507","6","125.9","74.1","81.3","client 1920x1032","56","144742"
"2026-09-25 20:05","s9-bt-b4","1","S7-t18","340.6","256.4","342.6","341.3","18","498","6","125.7","73.9","80.9","client 1920x1032","55.4","142416"
"2026-09-25 20:06","s9-bt-b0","1","S7-t19","351","258.9","344.6","352","18","507","6","125.5","73.7","81.3","client 1920x1032","56.4","150332"
"2026-09-25 20:06","s9-bt-b4","1","S7-t19","341","256.8","343","341.8","18","498","6","125.8","74","81","client 1920x1032","55.6","148213"
"2026-09-25 20:07","s9-bt-b0","1","S7-t20","351.9","259.8","345.3","352.4","18","507","6","126","74.2","81.3","client 1920x1032","57.3","160847"
"2026-09-25 20:07","s9-bt-b4","1","S7-t20","341.6","257.4","343.5","342.3","18","498","6","125.8","74","81","client 1920x1032","55.8","154163"
"2026-09-25 20:08","s9-bt-b0","1","S7-t21","351.9","259.9","345.4","353.1","19","509","6","125.3","73.4","80.6","client 1920x1032","57.7","166391"
"2026-09-25 20:08","s9-bt-b4","1","S7-t21","341.7","257.6","343.6","342.8","18","498","6","125.9","74","81","client 1920x1032","56.1","157960"
"2026-09-25 20:09","s9-bt-b0","1","S7-t22","352.8","260.7","346.1","353.3","19","509","6","125.7","73.8","81.5","client 1920x1032","57.9","171994"
"2026-09-25 20:09","s9-bt-b4","1","S7-t22","342.2","258.1","344","342.9","18","498","6","125.9","74.1","81","client 1920x1032","56.4","163692"
"2026-09-25 20:10","s9-bt-b0","1","S7-t23","352.6","260.5","345.7","353.3","18","505","6","125.8","74","81.5","client 1920x1032","56.3","163806"
"2026-09-25 20:10","s9-bt-b4","1","S7-t23","342.7","258.6","344.3","343.8","18","498","6","125.9","74.1","81","client 1920x1032","56.6","169454"
"2026-09-25 20:11","s9-bt-b0","1","S7-t24","352.9","260.8","346","354.5","18","505","6","125.9","74","81.5","client 1920x1032","56.5","169725"
"2026-09-25 20:11","s9-bt-b4","1","S7-t24","342.5","258.3","344.2","344.6","19","500","6","126","74.1","81.1","client 1920x1032","55.3","164037"
"2026-09-25 20:12","s9-bt-b0","1","S7-t25","354.2","262.1","347.3","355.3","19","507","6","126.1","74.3","81.5","client 1920x1032","56.9","161308"
"2026-09-25 20:12","s9-bt-b4","1","S7-t25","344.8","260.6","346.4","346.4","18","498","6","126","74.2","81.1","client 1920x1032","56.6","160281"
"2026-09-25 20:13","s9-bt-b0","1","S7-t26","354.9","262.8","348.1","355.7","19","507","6","125.8","74","81.5","client 1920x1032","57.1","167220"
"2026-09-25 20:13","s9-bt-b4","1","S7-t26","344.6","260.4","346.1","346.4","18","498","6","126","74.1","81.1","client 1920x1032","56.8","166157"
"2026-09-25 20:14","s9-bt-b0","1","S7-t27","354.5","262.4","347.6","355.7","18","503","9","126.1","74.3","81.4","client 1920x1032","57.4","173045"
"2026-09-25 20:14","s9-bt-b4","1","S7-t27","344.7","260.5","346.2","346.4","18","498","6","126","74.1","81.1","client 1920x1032","57","171972"
"2026-09-25 20:15","s9-bt-b0","1","S7-t28","355.2","263.1","349.9","357","18","503","6","126.3","74.4","81.4","client 1920x1032","59.6","178782"
"2026-09-25 20:15","s9-bt-b4","1","S7-t28","344.9","260.7","348.2","347.4","18","498","6","125.6","73.7","81.1","client 1920x1032","59.2","177443"
"2026-09-25 20:16","s9-bt-b0","1","S7-t29","356.3","264.2","351.1","357","18","503","6","126.4","74.6","81.6","client 1920x1032","59.9","184468"
"2026-09-25 20:16","s9-bt-b4","1","S7-t29","345.6","261.4","348.9","347.4","19","500","6","125.9","74","81.1","client 1920x1032","59.5","183214"
"2026-09-25 20:17","s9-bt-b0","1","S7-t30","356.5","264.4","351.2","357.7","18","503","5","81.6","40.7","46.6","client 1920x1032","60.8","194693"
"2026-09-25 20:17","s9-bt-b4","1","S7-t30","346","261.8","349.3","347.4","19","500","5","81.6","40.7","46.5","client 1920x1032","59.9","189686"
"2026-09-25 20:18","s9-bt-b0","1","S7-end","355.4","263.3","350.1","357.7","18","503","4","37.3","7.3","11.9","client 1920x1032","61","198372"
"2026-09-25 20:18","s9-bt-b4","1","S7-end","346.2","262","349.3","347.5","18","498","4","37.3","7.4","12","client 1920x1032","60","193369"
